ID,Sex,BM,BH,SH,CA,Dif APHV,APHV,S 0-10,S 10-30,S 0-30,S 30-60,S 0-60,FOST,BOST,TH,FJT,CMJ,DJ,12MR
1,f,82.5,179,96.5,16.85,4.53,12.32,1.98,2.85,4.83,4.17,9,13.82,15.26,6.335,,,,2220
1,f,82.1,179,95,17.96,5.02,12.94,1.94,2.88,4.82,4.27,9.09,13.3,14.64,5.875,,,,
2,f,72.3,167.5,89.5,16.33,3.46,12.87,1.89,2.68,4.57,3.96,8.53,12.9,13.33,6.61,,41.5,1.72,2650
2,f,77.2,168,89,17.44,4,13.44,1.92,2.76,4.68,4.09,8.77,12.89,13.43,6.37,,,,2670
3,f,74.5,175.5,90,14.55,2.84,11.71,1.94,2.98,4.92,4.41,9.33,12.29,12.05,6.095,,29.2,1.53,
3,f,76.3,177,90,15.66,3.47,12.19,1.96,2.87,4.83,4.34,9.17,13.1,12.47,6.08,,,,2400
3,f,76.4,177.6,97.5,17.06,4.66,12.4,,,,,,12.87,14.05,8.00,13.8,38,1.22,2600
4,f,75.4,165.5,90,16.93,3.73,13.21,2.1,2.92,5.02,4.38,9.4,11.7,12.15,5.46,,28,1.19,2250
4,f,76.1,165,92,18.05,4.38,13.66,1.99,2.91,4.9,4.33,9.23,11.53,12,5.185,,,,
5,f,65.5,171,88,16.68,3.66,13.02,1.87,2.75,4.62,4.04,8.66,12.3,13.17,7.56,12.29,,,2130
5,f,61.5,172,89,14.55,2.61,11.94,1.87,2.76,4.63,3.99,8.62,11.57,11.49,6.25,,34.7,2.08,
5,f,66.3,171,89,15.66,3.19,12.47,1.88,2.76,4.64,3.98,8.62,12.75,13.82,6.325,,,,2300
6,f,62.9,168.6,91.5,17.6,4.27,13.33,1.96,2.74,4.71,4.12,8.83,12.5,13.10,7.92,12.79,41.5,1.3,2200
6,f,52.7,165,85,14.48,2.07,12.41,1.98,2.91,4.89,4.25,9.14,10.24,10.18,5.435,,32.4,1.2,
6,f,57.5,166,86,15.59,2.77,12.81,1.93,2.8,4.73,4.14,8.87,10.51,11.55,6.11,,,,
7,f,64.6,180,91,13.14,2.21,10.93,1.9,2.62,4.52,3.79,8.31,11.92,12.8,6.52,,38.9,1.72,
7,f,72,182,92,14.25,2.98,11.27,1.84,2.6,4.44,3.7,8.14,,,6.42,,,,2350
8,f,67.3,180,94,16.69,4.36,12.33,1.97,2.89,4.86,4.15,9.01,12.9,14,6.31,,40.59,1.61,
8,f,68.2,181.5,96,17.63,5.07,12.57,1.93,2.86,4.79,4.33,9.12,12.95,13.25,,12.45,35.7,1.43,
9,f,67.9,174,91,15.34,3.23,12.11,1.83,2.58,4.41,3.72,8.13,15.6,17.25,6.44,,41,2.22,2540
9,f,71,177.0,92,16.28,3.9,12.38,1.81,2.58,4.39,3.74,8.13,15.71,17.72,9.23,15.43,,,
10,f,72.6,181.0,100,17.67,5.29,12.38,1.84,2.83,4.67,4.2,8.87,13.7,13.79,8.35,14.83,35.1,1.79,2610
10,f,69.7,178,96,16.73,4.42,12.31,1.8,2.56,4.36,3.65,8.01,14.6,15.5,7.135,,40.11,1.65,2430
11,f,72.1,168.0,94,15.56,3.33,12.23,1.96,2.99,4.95,4.48,9.43,9.42,10.28,7.38,12.33,29.9,1.25,2050
11,f,71.7,167,92,14.61,2.71,11.91,2,3.06,5.06,4.41,9.47,9.1,9.15,5.375,,31.04,1.32,2095
12,f,56.4,154.0,80,15.59,2.04,13.55,1.83,2.78,4.61,4.08,8.69,10.4,10.47,7.48,13.03,30.9,1.14,2450
12,f,57.1,156,81,14.65,1.71,12.94,1.82,2.85,4.67,4.11,8.78,11.8,10.3,5.815,,35.5,1.03,2220
13,f,71.3,171.5,92,16.36,3.75,12.61,1.73,2.61,4.34,3.8,8.14,15.16,15.62,9.00,15.4,47.4,3,2340
13,f,67.6,168,90,15.42,3.02,12.4,1.79,3,4.79,3.56,8.35,14.3,15.4,6.285,,41.55,2.23,2145
14,f,69,176,91,16.79,4.08,12.71,1.97,2.73,4.7,3.94,8.64,13.4,14,6.24,,37.1,2.11,2600
14,f,73.8,177.0,94,17.73,4.8,12.94,1.83,2.71,4.54,3.93,8.47,14.95,15.56,,,38.2,2.15,2615
14,f,62.7,173.4,91.5,14.63,2.83,11.8,,,,3.85,,11.21,12.11,,,,1.63,2510
15,f,72.8,172,92,15.65,3.4,12.25,,,4.51,3.89,8.4,11.33,,,13.73,,1.11,2375
15,f,73.1,171.4,93,16.49,3.87,12.61,,,,3.69,,13.16,14.73,,,,1.18,2450
16,f,69.2,171,92,14.55,2.78,11.78,,,4.67,4.16,8.83,10.5,,,12.8,,1.64,2360
16,f,74.4,171,94,16.37,3.86,12.51,,,,4.07,,13.23,12.21,,,,1.4,2350
17,f,58.5,165.5,86,15.34,2.63,12.71,1.83,2.82,4.66,4.12,8.84,10.9,12.01,8.21,13.77,36,1.63,2800
17,f,54,163.3,89,13.27,1.58,11.69,,,,3.43,,9.08,9.77,,,,0.9,2640
18,f,81.1,170,91,14.59,2.79,11.8,,,5.07,4.63,9.7,11.07,,,11.36,,1.13,2110
18,f,76.9,170.5,91,15.43,3.2,12.23,,,,3.88,,10.35,12.39,,,,1.16,2050
19,f,95,178.2,94,15.76,3.81,11.95,1.9,2.67,4.57,4.02,8.59,15.29,17.12,6.355,,39.8,1.45,2030
19,f,88.5,177,93,13.81,2.75,11.06,,,4.48,4.1,8.58,13.4,,,12.96,,1.39,2000
19,f,91.2,177.4,95,14.65,3.29,11.36,,,,,7.93,14.08,17.7,,,,1.26,
20,f,51,159.5,83.5,14.18,1.65,12.54,1.92,2.87,4.79,4.31,9.11,9.57,10.03,7.045,11.77,35.1,1.18,2360
20,f,54.1,161.5,84.5,15.2,2.32,12.88,1.78,2.69,4.57,4.04,8.63,10.52,11.15,7.25,13.11,41.2,1.06,2420
21,f,67.2,174,89,16.56,3.77,12.79,1.83,2.79,4.62,4.06,8.68,11.9,11.54,6.75,12.62,31.6,0.98,2240
21,f,71.4,175.0,95,17.52,4.67,12.85,1.83,2.67,4.5,3.93,8.43,11.84,14.35,7.24,12.79,34.7,1.41,2460
22,f,57.3,176.0,90,15.13,3.1,12.03,1.83,2.65,4.48,3.93,8.41,11.15,11.76,8.36,14.63,35.9,1.51,2555
22,f,45.7,164,81,13.16,1.06,12.09,1.96,2.85,4.83,4.31,9.14,8.95,8.74,6.32,12.68,27.2,0.87,
23,f,66,169,86.5,14.67,2.47,12.2,2.07,2.89,5.01,4.21,9.23,11.32,8.49,7.2,13.6,30.4,1.38,2420
23,f,68.5,170,87.5,15.73,3.11,12.62,2.2,2.91,5.12,4.22,9.37,10.24,12.35,7.435,12.76,31.5,1.7,2400
24,f,56.2,163,88,14.24,2.06,12.18,1.78,2.67,4.45,3.9,8.35,12.9,13.95,6.4,13.9,34.7,1.71,2440
24,f,57,164.5,89,15.23,2.69,12.54,1.86,2.51,4.37,3.69,8.06,13.25,13.18,8.62,15.2,39.1,1.86,2610
25,f,73.4,172,94,19.47,5.52,13.95,1.93,2.62,4.61,3.64,8.25,13.59,14.46,9.33,13.84,34.6,1.77,2350
25,f,70.3,172,91,18.48,4.82,13.66,1.92,2.7,4.62,3.74,8.36,13.7,13.57,7.71,12.94,32.8,1.61,2150
26,f,76,178,99,16.22,4.3,11.92,1.86,2.78,4.66,3.99,8.65,11.45,13.7,7.535,12.76,34.3,0.96,2320
26,f,69.3,176,96,15.22,3.51,11.71,1.91,3.04,4.99,4.55,9.54,7.26,8.77,7.1,12.08,30.4,1.04,2450
27,f,71.4,173,94,17.04,4.28,12.76,1.9,2.73,4.63,4.14,8.77,12.84,14.18,8.235,13.3,38.3,2,
27,f,69,173,94,16.04,3.74,12.3,2.01,2.74,4.75,4.17,8.93,13.81,13.46,,,38.2,2.06,2290
27,f,70.4,172.4,92.4,15.14,3.16,11.98,,,4.66,4.07,8.73,12.93,13.68,6.235,,32.5,1.68,2280
28,f,67.2,174.1,91,16.45,3.83,12.62,1.76,2.56,4.32,3.69,8.01,14.36,16.45,,,,1.46,2420
28,f,64.5,172.9,90.1,15.57,3.26,12.31,,,4.43,3.75,8.18,12.74,14.48,6.525,,35.3,1.44,2420
29,f,73.3,178.2,96.3,16.05,4.07,11.99,1.88,2.62,4.63,4.02,8.65,11.94,13.12,8.19,14.2,34.6,1.98,2135
29,f,77.8,179.1,96.1,17.07,4.63,12.43,2.02,2.83,4.86,4.13,9,12.2,13.42,7.95,13.3,36.3,1.93,2450
30,f,65.9,177,91,16.52,3.98,12.55,1.88,2.6,4.48,3.74,8.22,12.29,12.62,8.825,15.2,33.5,1.38,2480
30,f,72.7,179,90,17.5,4.5,13,1.81,2.63,4.44,3.75,8.19,,,8.45,15.25,35.2,1.46,2450
31,f,58.6,177,92,15.63,3.53,12.1,1.91,2.64,4.55,3.91,8.46,11.22,12.02,8,12.85,30.5,1.25,2410
31,f,62.3,180,92,16.61,4.2,12.41,1.8,2.67,4.47,3.96,8.43,12.06,14.7,8.275,13.33,36,1.46,2400
32,f,69.4,182,95,16.09,4.15,11.94,1.8,2.29,4.3,4.07,8.41,12.73,12.69,7.525,11.9,34.3,1.03,2180
32,f,71.5,183,94,17.07,4.67,12.39,1.91,2.8,4.71,4.08,8.79,12.77,13.8,7.36,12.7,38.2,1.2,1600
32,f,74,184.0,96,18.04,5.37,12.67,1.8,2.72,4.52,4.07,8.59,13.75,14.95,7.55,12.7,37.8,1.26,
33,f,83.8,178,93.5,18.18,4.99,13.19,1.74,2.71,4.45,4.1,8.55,16.1,17.4,8.17,14.4,35.5,1.29,2000
33,f,80.5,176,93,16.68,4.14,12.55,1.78,2.59,4.37,3.71,8.08,15.15,16.72,,,,1.31,1980
34,f,68.8,177,93,16.38,4.01,12.37,1.8,2.66,4.46,3.91,8.4,13.72,15.48,9,13.8,41.5,1.45,2430
34,f,71.1,177.5,94,17.82,4.87,12.95,1.84,2.66,4.53,3.98,8.51,13.9,16.70,8.08,14.08,40.2,1.79,2300
34,f,63.9,176,92.4,15.34,3.37,11.98,1.73,2.59,4.36,3.72,8.08,12.29,15.05,,,,1.43,2350
35,f,61.1,173,88,14.61,2.62,11.99,1.91,2.73,4.64,4.06,8.7,9.2,9.42,7.15,13,34,0.78,2080
35,f,67.5,174,88,15.59,3.2,12.39,1.85,2.77,4.62,4.05,8.67,11.7,12.15,7.225,13.2,33.4,1.01,2250
36,f,61,173,84,14.45,2.32,12.13,1.79,2.61,4.4,3.72,8.12,11.65,13.66,8.945,15.2,36,1.53,2540
36,f,65,174,89,15.43,3.16,12.27,1.75,2.49,4.25,3.52,7.77,12.75,15.04,9.19,16.6,42.8,1.85,2440
37,f,69.2,176,94,13.99,2.73,11.26,1.88,2.72,4.6,3.86,8.46,12.83,13.96,8.05,12.15,35,1.13,2420
37,f,72,177,94,14.97,3.31,11.66,1.88,2.62,4.57,3.82,8.39,13,14.62,8.375,13,36.7,1.41,2470
37,f,74.8,177.5,95,15.43,3.63,11.79,1.88,2.72,4.61,3.97,8.61,12.85,14.25,7.84,13.03,36.7,1.45,2480
38,f,81.5,181.4,97.6,15,3.69,11.31,1.81,2.71,4.52,3.97,8.49,13.9,14.4,8.055,14.03,35.3,1.35,2190
38,f,88.5,180,95,16.02,4.04,11.98,1.86,2.74,4.6,4.04,8.64,13.85,14.5,,13.54,,,2310
39,f,71.3,179,93.5,15.8,3.8,12,,,4.44,3.76,8.2,14.8,15.04,7.085,,42.7,1.8,
40,f,59,171,90,15.04,2.88,12.16,1.91,2.87,4.78,4.07,8.85,11.8,12.2,7.85,14.43,37,1.38,2410
41,f,61.2,171,92,14.36,2.62,11.74,1.84,2.6,4.47,3.74,8.21,13.12,11.98,8.09,14.28,35,1.6,
42,f,60.3,171,88,14.49,2.49,12.01,1.82,2.55,4.37,3.66,8.04,12.08,12.23,8.795,15.58,43,2.09,2550
43,f,56.3,165,86,13.95,1.87,12.08,1.86,2.87,4.73,4.34,9.07,10.17,10.41,7.28,11.7,25,1.01,2170
44,f,77.5,170.0,89,15.66,3.19,12.46,1.84,2.64,4.49,3.79,8.29,14,12.25,7.66,13.7,43.4,1.24,2620
45,f,56.3,169.6,88.7,16.08,3.31,12.76,,,4.43,3.81,8.24,12.61,12.62,7.175,,40.8,1.68,
46,f,62.7,171.7,89.1,15.5,3.12,12.38,,,4.21,3.72,7.93,13.25,14.44,6.9,,33.9,1.52,
47,f,46,161,86,14.66,2.03,12.63,1.83,2.72,4.55,4.03,8.58,9,9.8,7.37,,37.59,1.68,
48,f,69.7,178.2,91.1,15.67,3.56,12.11,,,4.6,3.97,8.57,14.4,15.7,5.97,,33.5,1.29,
49,f,67.3,172,90,13.56,2.17,11.39,1.86,2.78,4.64,4.06,8.7,10.65,10.2,8.08,12.59,35,1.54,2400
50,f,60.9,167,87,13.68,1.88,11.8,1.91,2.85,4.76,4.2,8.96,10.2,10.7,7.15,11.7,32.5,1.29,2100
51,f,89.9,179.0,92,15.23,3.45,11.78,2.12,3.01,5.13,4.51,9.64,11.8,11.41,,12.1,33.79,1.05,2070
52,f,57.8,158.5,84.5,12.83,1.05,11.77,1.98,2.85,4.83,4.22,9.05,10.5,11.55,6.05,10.37,35.6,1.09,1920
53,f,70.6,172,93.5,13.3,2.23,11.07,2.05,3.09,5.14,4.63,9.77,9.8,9.4,5.13,8.73,26.8,1.19,1875
54,f,59.8,169,91,13.62,2.09,11.53,1.85,2.72,4.57,4.11,8.68,11.55,11.35,,,34.8,1.43,
55,f,79.1,175.7,89,16.18,3.63,12.54,,,4.44,3.73,8.17,14.09,14.2,6.74,,36,1.57,
56,f,73,174.0,91,13.53,2.31,11.22,2,2.77,4.77,4.04,8.81,12.56,12.76,7.79,12.8,38.21,1.27,2350
57,f,76.5,179.0,93,13.65,2.64,11.01,1.94,2.79,4.73,4.07,8.8,12.61,11.85,7.95,12.9,33.76,1.27,2320
58,f,78.5,169,89,18.76,4.68,14.08,1.86,2.61,4.47,3.94,8.41,14.42,15.79,6.31,,,,
59,f,81,180,99,17.14,4.87,12.27,1.83,2.63,4.46,3.67,8.13,14.59,16.84,6.74,,38.8,1.91,2100
60,f,88.1,176.4,90,16.05,3.66,12.39,,,4.5,3.82,8.32,14.83,17.42,6.83,,41.3,1.22,
61,f,64,159,82.5,15.58,2.39,13.19,1.99,2.97,4.96,4.41,9.37,9.79,10.15,5.445,,31.5,1.39,
62,f,68.5,172,89,15.05,2.91,12.14,1.85,2.7,4.55,3.97,8.52,14.03,14.53,6.555,,,,2405
63,f,77.8,183,90,15.81,3.75,12.06,1.85,2.73,4.58,3.84,8.42,12.7,14.76,6.72,,,,2700
64,f,73,172.0,92,15.67,3.41,12.26,1.91,2.81,4.78,4.11,8.95,11.75,12.10,7.73,12.83,29.4,1.35,
65,f,64,166.7,93.5,15.82,3.36,12.46,1.85,2.67,4.54,3.81,8.37,11.85,12.44,8.27,13.48,37.2,1.52,2615
66,f,80.3,182.5,96.5,15.59,3.98,11.61,1.92,2.86,4.83,4.22,9.13,12.68,13.87,8.56,15.05,38,1.23,2380
67,f,59.1,167.0,87,15.27,2.71,12.57,1.92,2.72,4.64,4.12,8.76,10.1,11.08,7.23,12.2,33.9,1.38,2210
68,f,77,170.0,90,14.25,2.55,11.7,2.11,3.04,5.16,4.53,9.69,9.5,10.21,7.04,11.87,25.1,0.96,2190
69,f,93.4,170,93,17.05,4.12,12.94,2.06,3.23,5.29,4.67,9.96,10.3,11.55,4.71,,24.74,0.81,2000
70,f,72.1,175,94,18.46,5.11,13.35,1.98,2.83,4.81,4.1,8.91,13.3,14.2,6,,33.6,1.63,
71,f,60.9,165.4,89,15.07,2.66,12.41,,,4.5,3.99,8.49,11,12.29,6.145,,29.9,1.76,2100
72,f,87.5,170.5,90,17.53,4.18,13.35,1.88,2.89,4.77,4.05,8.82,14.65,15.45,6.075,,43.17,1.35,1990
73,f,59.5,167.5,90,17.59,4.13,13.46,2.02,2.74,4.76,4.19,8.95,11.3,12.4,5.61,,36.95,1.51,2320
74,f,69.9,173.0,92,15.66,3.43,12.23,1.88,2.72,4.6,3.92,8.52,11.95,12.06,7.48,14.2,32.5,1.4,2670
75,f,73.5,166.0,91,15.1,2.88,12.22,1.95,2.93,4.88,4.31,9.19,10.61,12.80,6.70,12.45,29.2,1.06,
76,f,61.7,172.6,89.9,15.7,3.3,12.4,1.8,2.5,4.3,3.67,7.97,14.6,14.6,7.86,,47.9,1.91,2370
77,f,63.5,165.5,90,15.63,3.03,12.6,1.83,2.83,4.66,4.24,8.9,10.32,11.64,7.13,13.2,33.4,1.38,2480
78,f,56.6,166.0,91,14.67,2.54,12.13,1.86,2.86,4.72,4.05,8.77,9.91,10.02,7.63,13.27,33.3,1.52,2700
79,f,66.4,175.0,91,14.69,2.91,11.78,1.87,2.7,4.57,3.83,8.4,12.44,13.03,7.95,13.51,35.6,1.8,2080
80,f,58.3,176,91,14.53,2.82,11.71,1.79,2.54,4.33,3.49,7.82,13.34,13.68,9.20,15.91,44,2.01,2550
81,f,74.6,175.5,92,14.07,2.7,11.38,1.9,2.78,4.68,3.99,8.67,10.6,11.57,7.43,13.42,34,0.9,2580
82,f,67.7,174.0,91,14.75,2.92,11.83,1.96,2.67,4.63,3.98,8.61,11.39,10.63,8.05,13.88,39,1.71,2210
83,f,73.2,167.0,89,15.28,2.89,12.39,1.81,2.75,4.56,4.02,8.58,10.08,10.49,6.63,12.4,37.1,1.07,2010
84,f,81.8,177,92,18.39,4.97,13.41,1.94,2.88,4.82,4.25,9.07,10.45,12.85,6.02,,29.7,1.5,2600
85,f,60,170,89.1,15.85,3.24,12.61,,,4.51,3.87,8.38,12.28,13.66,6.925,,38,1.56,
86,f,50.1,168,86,14.75,2.35,12.4,,,4.41,3.77,8.18,12.25,,,15,,1.66,2185
87,f,60.6,163,85,15.4,2.54,12.86,,,4.48,3.74,8.22,10.8,,,13.33,,1.93,2480
88,f,56.6,169,86,15.22,2.68,12.54,,,4.8,4.17,8.97,9.6,,,12.49,,1.03,2470
89,f,71.3,174.8,93.4,15.32,3.39,11.93,,,4.38,3.58,7.96,13.45,14.84,6.735,,35.7,1.73,
90,f,62.2,161,85,15.6,2.59,13.02,,,4.71,4.28,8.99,11,,,12.12,,1.42,2145
91,f,55.2,169,87,15,2.61,12.39,,,4.47,3.77,8.24,12.17,,,15.34,,1.97,2880
92,f,73,172,91.6,15.66,3.39,12.28,,,4.68,4.01,8.69,13.06,14.13,6.04,,34.8,1.06,2140
93,f,59,162,85,14.57,2.08,12.5,,,4.47,4.01,8.48,11.25,,,12.97,,1.6,2270
94,f,61.5,166,90,14.46,2.41,12.04,,,4.62,4.1,8.72,10.29,,,12.75,,1.53,2055
95,f,48.8,164,87,13.37,1.5,11.87,,,4.42,3.8,8.22,10.66,,,14.98,,1.92,2630
96,f,74.6,178,94,15.02,3.38,11.64,,,,3.67,,13.71,15.13,,,,1.46,2400
97,f,69.7,172.8,92,15.2,3.18,12.02,,,,,8.17,11.94,10.45,,,,0.78,2430
98,f,64.4,174.2,92.5,15.46,3.38,12.09,,,,4.21,,12.41,12.87,,,,1.28,2340
99,f,73.8,164,89.5,16.4,3.39,13.02,,,,,9.25,9.44,11.32,,,,,2150
100,f,62.5,163.8,85.5,13.93,1.86,12.07,,,,,8.89,8.49,10.32,,,,0.81,2330
101,f,75,176.5,93,14.87,3.2,11.67,1.76,2.64,4.4,3.66,8.06,11.32,12.51,8.095,14.62,35,1.18,2390
102,f,81.4,179,93.7,15.86,3.85,12.01,1.812,2.617,4.47,3.841,8.31,14.4,14.2,7.695,13.96,41.2,1.03,2120
103,f,50.1,164.5,86,14.48,2.08,12.4,,,,,8.6,10.17,9.71,,,,1.27,2370
104,f,69.2,178.5,91.5,15.13,3.3,11.83,1.95,2.71,4.66,3.97,8.65,11.59,11.84,7.83,14.13,35.3,1.2,2450
105,f,65.2,183.5,90,15.58,3.64,11.94,1.74,2.59,4.33,3.73,8.06,12.32,13.21,8.97,15.64,36.3,1.19,2430
106,f,64.7,172.5,89.5,15.62,3.24,12.38,1.76,2.57,4.33,3.75,8.08,12.87,13.35,8.45,15.02,38.7,1.79,2280
107,f,57,162.0,84,14.57,2.01,12.57,1.78,2.71,4.49,3.92,8.41,9.99,12.02,7.17,13.5,33.9,1.58,
108,f,70.6,174.0,93,14.2,2.74,11.46,1.8,2.6,4.4,3.66,8.06,13.23,12.90,7.88,14.88,39.5,1.48,2400
109,f,67.3,164.5,90,15.75,3.07,12.67,1.83,2.83,4.66,4.24,8.9,11.7,12.01,6.64,12.36,38.7,1.24,
110,f,70.5,173,88,19.59,5.23,14.36,1.8,2.54,4.34,3.66,8,14.54,15.93,8.155,14.04,41.4,1.1,
111,f,70.2,181.3,96.7,16.31,4.35,11.96,,,,,7.9,16.5,18.6,7.115,,42.5,1.45,
112,f,49.4,160.5,87,15.42,2.5,12.92,1.93,2.63,4.56,3.8,8.36,11.09,11.21,7.965,13.2,36.1,1.65,2840
113,f,54.1,163.0,89,14.23,2.09,12.15,1.87,2.56,4.43,3.69,8.12,12.09,11.49,7.70,13.35,33.4,1.41,2430
114,f,73.1,175.8,90.8,15.85,3.57,12.29,1.8,2.63,4.43,3.89,8.32,16.96,16.96,7.7,14.05,,1.7,2550
115,f,81.3,182,97,17.85,5.21,12.64,1.92,2.67,4.59,3.74,8.33,13.73,14.64,7.405,13.64,38.6,1.48,2310
116,f,57,174,90,17.83,4.53,13.3,1.88,2.76,4.64,3.93,8.57,12.26,12.82,8.36,14.17,42.7,2.21,3100
117,f,64.5,176.1,89.6,15.83,3.49,12.35,,,4.51,3.86,8.37,13.6,12.94,6.41,,31.6,1.61,2700
118,f,74.5,188,100,16.97,5.16,11.8,1.75,2.65,4.4,3.78,8.18,12.29,12.56,6.585,11.84,32.6,1.37,2200
119,f,65.7,181.6,93.1,15.78,3.86,11.93,,,4.63,4.09,8.72,12.53,14.72,6.035,,32.1,1.31,2470
120,f,84.15,173,96,18.21,4.98,13.23,1.84,2.88,4.72,4.26,8.98,12.68,13.63,6.94,12.07,29.6,0.85,1960
121,f,67,173,90,15.55,3.25,12.3,1.76,2.61,4.38,3.73,8.13,12.18,14.09,8.68,14.77,38.2,1.38,2230
122,f,56.4,165,84,15.34,2.49,12.85,2.06,3.13,5.19,4.59,9.78,9.46,12.04,5.65,12.24,28.4,0.8,1980
123,f,76.4,180.0,96,17.31,4.8,12.51,2,2.69,4.7,3.79,8.49,11.24,11.80,7.65,13.18,31.5,0.95,2400
124,f,55.5,166.0,79,15.09,2.12,12.98,1.96,2.88,4.84,4.09,8.93,10.46,10.71,7.43,12.87,28.7,1.01,2250
125,f,73.3,167,92,15.73,3.29,12.45,1.87,2.93,4.8,4.36,9.16,11.96,10.92,7.74,12.02,27.9,1.33,1940
126,f,81.7,185,100,17.14,5.12,12.03,1.81,2.72,4.54,3.98,8.52,11.84,12.27,6.985,12.56,31.4,0.94,2010
127,f,64.6,174,94,15.54,3.5,12.05,1.93,2.93,4.86,4.22,9.09,9.7,11.86,7.46,12.4,31.4,0.93,2030
128,f,60.3,171.0,89,15.84,3.27,12.58,2,2.79,4.81,4,8.81,11.98,12.01,7.39,12.48,31.1,1.1,2360
129,f,68.8,178.6,92.9,15.23,3.44,11.8,,,4.3,3.65,7.95,13.79,13.88,6.85,,41.1,1.74,
130,f,79,172,91,15.62,3.35,12.27,1.88,2.83,4.72,4.32,9.04,11.71,13.57,,,33.2,1.36,1950
131,f,59,163,87,15.2,2.54,12.67,1.82,2.61,4.43,3.8,8.24,11.77,9.83,,,39.1,2.04,2550
132,f,74,171,94,15.71,3.51,12.2,1.82,2.72,4.56,4.01,8.57,12,13.96,,,36.8,1.37,2230
133,f,70.5,165,89,15.9,3.13,12.77,1.76,2.78,4.56,4.11,8.67,11.9,12.74,7.795,12.78,38,1.7,2200
134,f,61.1,170,92,15.78,3.36,12.41,1.81,2.6,4.41,3.77,8.26,11.84,13.17,8.235,13.9,37.8,2.1,2350
135,f,74,174,97,15.64,3.74,11.9,2.03,3.07,5.1,4.58,9.69,10,11.46,,,31.6,1.19,1980
136,f,70.2,172,92,15.48,3.3,12.18,1.87,2.69,4.56,3.86,8.42,11.21,13.48,8.215,13.9,34.1,1.78,2560
137,f,72,173,92,16.16,3.7,12.46,1.9,2.93,4.83,4.44,9.27,9.37,10.4,,,36,1.13,2280
138,f,87.4,182,95,15.66,3.92,11.74,1.9,2.98,4.88,4.45,9.33,12.9,13.7,8.225,14.2,31.6,1.36,2450
139,f,62,173.0,91,14.12,2.51,11.61,1.82,2.73,4.55,4.03,8.58,10.29,10.09,8.08,13.74,38,1.85,2210
140,f,58.4,174.0,91,15.06,3.05,12.02,1.77,2.59,4.36,3.78,8.14,11.95,10.32,7.42,13.63,37.2,1.93,2425
141,f,67.3,169,90,14.75,2.7,12.04,1.72,2.62,4.34,3.8,8.14,13.18,11.79,8.25,13.3,44.1,1.63,2300
142,f,58.7,178,92,14.75,3.07,11.69,1.71,2.5,4.21,3.57,7.78,11.76,12.87,8.61,15.4,47.4,1.93,2250
143,f,62.2,164,87,14.08,2.02,12.07,1.71,2.62,4.37,3.83,8.26,12.5,13.7,8.45,13.7,36.7,1.54,2250
144,f,69.1,177,82,14.63,2.47,12.16,1.72,2.51,4.23,3.66,7.89,13.12,13.87,8.73,14.8,40,1.37,2400
145,f,53.4,166.0,83.5,14.41,1.99,12.41,1.79,2.68,4.47,3.85,8.32,12.04,13.22,8.81,14.52,41.1,1.37,2780
146,f,45.2,157.5,81,13.44,1,12.44,1.93,2.83,4.76,4.22,9,9.12,8.75,7.70,13.62,33,1.34,2450
147,f,71.3,171.5,90,15.94,3.42,12.52,1.86,2.57,4.43,3.81,8.24,14.35,16.52,8.75,14.54,40.1,1.4,
148,f,54.4,160.5,84.5,14.72,2.04,12.68,1.84,2.75,4.59,4.11,8.7,11.26,12.60,7.91,13.02,41.5,1.28,2550
149,f,62.5,167.5,87.8,14.71,2.49,12.22,1.93,2.65,4.59,3.95,8.55,13.32,13.87,7.98,13.12,39.1,1.46,2130
150,f,68.9,173.5,90,15.1,3.04,12.06,1.83,2.68,4.51,3.97,8.51,13.09,14.97,7.875,12.88,34.4,1.03,2101
151,f,67,177.0,93,15.5,3.53,11.97,1.81,2.58,4.39,3.67,8.07,12.5,,8.35,14,35.5,1.74,2370
152,f,71,181.1,94.5,15.38,3.69,11.68,,,4.17,3.44,7.61,13.16,15.73,7.265,,38,1.64,2700
153,f,90.4,168.9,90.7,15.15,3.07,12.08,2.04,2.83,4.71,4.22,9.04,14.04,14.85,6.1,,32.6,0.94,1830
154,f,73.2,173,90,14.5,2.74,11.77,1.88,2.62,4.5,3.96,8.47,13.31,13.05,6.475,14.7,36.5,1.6,
155,f,65.6,173.5,91.6,14.76,2.93,11.83,1.88,2.73,4.63,3.98,8.62,12.1,,6.775,14.3,33.8,1.21,
156,f,68.6,171,90,14.16,2.47,11.69,1.52,3.02,4.54,3.79,8.33,12.08,,6.455,,34.07,0.94,1920
157,f,64,165,88,14.41,2.28,12.13,,,4.83,4.3,9.13,10.7,,6.2,,24.57,1.15,2350
158,f,84.4,176.6,91.5,15.21,3.33,11.88,,,4.56,3.88,8.44,14.65,17.73,7.38,,42.5,1.66,
159,f,79.8,170,89.3,14.9,2.85,12.05,,,4.31,3.7,8.01,14,13.94,7.035,,33.7,1.52,
160,f,74,172.8,91.4,17.6,4.4,13.19,1.89,2.53,4.54,3.87,8.41,,,8.025,13.48,38.9,1.52,2500
161,f,61.7,173.5,90.5,15.48,3.25,12.24,1.76,2.57,4.39,3.72,8.11,13.3,15.58,7.325,,41.1,1.54,2650
162,f,62.7,179.1,95.2,15.83,3.91,11.92,1.93,2.77,4.71,4.06,8.78,12.3,13.55,7.89,13.37,32.6,1.48,2240
163,f,75.7,164.5,89,14.67,2.54,12.13,1.97,2.64,4.65,3.97,8.6,11.16,11.93,7.65,13.27,34.7,1.46,2530
164,f,58.3,160.8,86.4,13.95,1.79,12.17,1.94,2.63,4.63,3.84,8.45,12.22,12.54,7.50,12.55,37.8,1.28,2550
165,f,58.3,170.7,85.8,14.12,2.15,11.97,1.91,2.68,4.61,3.86,8.48,11.17,11.67,7.55,13.42,37.1,1.37,2710
166,f,81.8,181.2,93.9,13.94,2.93,11.01,1.92,2.67,4.59,3.75,8.34,12.86,12.13,7.35,13.35,29.9,1.54,2300
167,f,51.5,175.4,88.1,14.68,2.69,11.99,1.96,2.59,4.55,3.72,8.27,11.79,12.78,7.75,13.66,36.7,1.98,2510
168,f,60.2,177.7,93.2,14.78,3.14,11.64,1.85,2.73,4.58,3.8,8.38,12.44,12.48,8.43,13.67,34.3,1.58,2740
169,f,74,178,97,16.44,4.31,12.13,,,,,,13.65,16.25,,,35.5,1.28,2500
170,f,73,174,94,16.37,3.96,12.41,1.8,2.66,4.46,3.89,8.35,14.25,16.1,,14.6,43.9,1.69,2500
171,f,78.4,172,93,16.27,3.79,12.48,1.93,2.8,4.73,4.04,8.77,12.45,14.7,7.375,12.7,36.5,1.09,2350
172,f,62.7,170,88,14.87,2.67,12.2,1.84,2.8,4.64,4.19,8.83,11.3,11.8,7.2,12,30.5,1.45,2390
173,f,69.3,170.5,89,15.66,3.18,12.48,1.91,2.93,4.84,4.34,9.18,11.8,12.35,7.525,12.9,28.6,1.18,
174,f,52,163,87,14.41,2.07,12.35,1.89,2.62,4.51,3.78,8.33,10.45,11.1,8.65,15.4,38.3,1.82,2720
175,f,63.5,171.5,92,15.79,3.43,12.36,1.77,2.6,4.37,3.73,8.1,12.35,12.95,7.975,14.2,39.4,1.55,2500
176,f,64.1,170.0,88.5,14.94,2.74,12.2,,,,,,12.75,12.25,6.81,,39.5,1.91,
177,f,64,171.5,94,14.68,2.93,11.75,1.97,2.81,4.78,4.13,8.91,12.15,12.05,6.925,13.4,34.2,1.19,2500
178,f,64.5,169.0,91.5,14.69,2.73,11.96,1.9,2.83,4.73,4.23,8.96,11.1,13.25,7.37,11.8,28.6,1.17,2400
179,f,49.9,166,87.5,14.19,2.05,12.14,1.76,2.46,4.22,3.59,7.81,11.2,10.40,8.70,14.95,42.4,1.77,2750
180,f,68.1,175.6,91.1,15.26,3.25,12.01,,,4.15,3.45,7.6,15.56,18.18,7.79,,47.9,1.46,
181,f,77.3,183.7,97.4,15.38,3.95,11.43,1.93,2.62,4.49,3.78,8.31,15.3,15.27,9.525,14.7,39.7,1.83,2360
182,f,59,173.5,88.6,16.41,3.64,12.77,1.94,2.87,4.81,4.2,9.01,10.78,12.34,,,,1.41,2690
183,f,59.2,171.5,92.5,15.7,3.39,12.3,1.83,2.63,4.46,3.87,8.33,12.25,13.97,,,,1.28,1970
184,f,68,173.3,91,13.83,2.41,11.42,2.01,2.98,4.99,4.38,9.37,10.08,10.18,,,,0.93,2370
185,f,50.7,160,85,15.38,2.36,13.02,1.98,3.09,5.07,4.78,9.85,8.82,10.4,7.775,13.2,28.6,1.25,2560
186,f,56,173.0,89,14.85,2.77,12.07,1.95,2.8,4.75,4.07,8.82,8.8,10.00,7.00,12.7,31.9,1.06,2200
187,f,70.4,168,92,15.42,3.14,12.28,1.95,2.98,4.93,4.65,9.58,9.12,10.38,6.325,10.9,29.2,0.66,2060
188,f,50,169.0,87,14.8,2.47,12.33,1.87,2.62,4.52,3.85,8.41,11.3,12.50,8.12,14.15,37.9,1.44,2260
189,f,66.1,170.9,89.2,16.44,3.6,12.83,,,,,8.77,15.9,17.6,6.595,,37.1,1.92,
190,f,61.2,171.4,89.3,14.95,2.82,12.13,,,4.17,3.52,7.69,13.9,14.36,6.915,,42,1.8,
191,f,58,166,89,15.17,2.72,12.45,1.8,2.72,4.52,3.94,8.46,13.2,14,7.965,14,33,2.06,2290
192,f,69,168,89,15,2.76,12.24,1.69,2.54,4.23,3.64,7.87,14.3,15.3,8.655,14.45,35,1.3,2340
193,f,84.5,182,93,15.12,3.53,11.59,1.94,2.76,4.7,4.02,8.72,14.28,15.84,,13.9,32,1.14,2020
194,f,65.4,173,93,14.66,2.93,11.73,1.86,2.7,4.56,3.87,8.43,12.84,12.38,8.095,14.4,28,1.44,2550
195,f,57,159,89,14.54,2.15,12.39,1.87,2.76,4.63,4.13,8.78,10.57,11.56,7.3,12.3,28,1.49,2440
196,f,61.7,168,92,15.43,3.11,12.33,1.91,2.93,4.84,4.3,9.16,10.04,10.08,7.35,13.1,20,0.9,2370
197,f,97,175.7,93.5,15.33,3.51,11.82,1.83,2.63,4.46,3.81,8.27,12.41,13.38,5.55,,36.7,1.08,2030
198,f,58.5,164,88,14.43,2.21,12.22,1.76,2.66,4.42,3.93,8.35,11.34,12.67,8.415,14.15,27,1.56,2525
199,f,57.9,175,88,14.37,2.53,11.83,1.9,2.73,4.63,3.87,8.5,11.7,12.57,8.435,15.1,37,1.55,2400
200,f,79.9,180,99,14.23,3.29,10.94,1.78,2.67,4.45,3.9,8.35,11.85,12.37,7.845,13.5,25,1.14,2200
201,f,61.9,178.0,92,13.96,2.64,11.33,1.85,2.73,4.58,3.96,8.54,10.55,12.30,8.26,13.91,36.5,1.4,2420
202,f,59.3,177,95,14.2,2.87,11.33,1.8,2.78,4.59,4.13,8.73,12.35,12.7,7.435,13.1,29,1.19,2580
203,f,57.3,170,88,14.18,2.26,11.92,1.8,2.68,4.49,3.82,8.31,10.89,10.55,8.645,14.98,40,1.65,2600
204,f,61.7,168,87,13.81,1.99,11.82,1.9,2.65,4.55,3.85,8.42,13.21,13.78,8.885,14.51,39,1.22,2500
205,f,53.9,157.0,84,13.88,1.47,12.41,1.99,3.32,5.31,4.86,10.17,8.35,7.95,6.33,11.48,31,1.53,2425
206,m,100,202.5,110,16.06,4.93,11.13,1.65,2.36,4.01,3.33,7.34,18.8,19.81,7.67,,54.7,1.72,2800
206,m,112.1,204,106,18.19,5.78,12.4,1.75,2.43,4.18,3.5,7.68,20.58,21.89,9.575,14.86,,,2410
207,m,97,185.5,98,16.22,3.39,12.82,1.75,2.55,4.3,3.68,7.98,16.3,17.1,7.11,,46.8,1.81,2450
207,m,99.1,186,97,17.33,3.89,13.44,1.82,2.47,4.29,3.59,7.88,17.69,17.51,7.85,,,,
208,m,89.1,180,100.5,16.32,3.74,12.58,1.58,2.27,3.87,3.09,6.87,18.86,18.57,9.89,16.74,56.6,2.04,2450
208,m,82.7,179.5,97.6,15.38,2.72,12.66,1.57,2.26,3.84,3.1,7.01,17.96,17.23,9.62,,55.2,1.84,2530
209,m,84.6,190,100,16.44,3.62,12.82,1.69,2.41,4.1,3.44,7.54,15.85,17.27,10.40,17.53,52.6,1.81,2980
209,m,73.1,186,97,15.5,2.56,12.94,1.55,2.32,3.87,3.38,7.25,14.75,15.95,8.35,,57.8,1.84,2880
210,m,100.6,192,102,16.67,4.22,12.44,1.7,2.49,4.19,3.52,7.71,16.57,18.06,9.25,16.72,45.3,1.76,2670
210,m,96.1,190,99.4,15.75,3.28,12.46,1.847,2.431,4.3,3.523,7.83,16.57,18.55,7.545,,48,1.74,2650
211,m,67,187,96,14.57,1.84,12.73,,,4.36,3.62,7.98,14,,,15.42,,1.91,2670
211,m,72.5,190,100,15.55,2.97,12.58,,,4.18,3.42,7.6,13.7,,,15.49,,1.68,2880
211,m,76.4,192.6,101,16.39,3.63,12.76,,,,,7.47,15.85,16.57,,,,1.52,2860
212,m,91.3,189.4,104.3,16.82,4.55,12.27,,,4.01,3.23,7.24,19.63,20.72,8.61,,60.2,1.64,2650
212,m,88.9,187.2,109,15.82,4.55,11.27,,,4.06,3.33,7.39,18.5,19.62,8.095,,50.2,1.82,
213,m,100.3,198.4,104.5,17.11,4.81,12.3,1.81,2.49,4.3,3.53,7.84,18.23,19.38,8.3,,46.5,1.26,2610
213,m,96.5,188,97,13.77,1.89,11.89,,,4.52,3.98,8.5,13,,,14.44,,0.89,1945
213,m,89.4,197.4,102.5,15.59,3.51,12.08,,,,,7.75,16.36,18.48,,,,1.27,2500
213,m,105.8,195,102,14.75,3.15,11.6,,,,,,12.52,,,,,1.09,2165
214,m,98.3,193,96,14.19,1.99,12.2,,,4.72,4,8.72,12.8,,,13,,0.82,1880
214,m,107.3,198,100,15.17,3.13,12.03,,,4.27,3.56,7.83,17.18,,,15.44,,1.25,2250
215,m,73.4,179,94,14.49,1.65,12.84,,,4.25,3.75,8,12.73,,,15.26,,1.69,2200
215,m,76.6,180.1,96.5,15.33,2.47,12.86,,,,,7.79,12.69,14.18,,,,1.54,2230
216,m,70.5,173,92,14.95,1.62,13.32,,,4.37,3.73,8.1,12.4,,,12.79,,1.82,2800
216,m,73.3,174.8,94,15.79,2.37,13.42,,,,3.63,,13.23,14.18,,,,1.45,2600
217,m,84.9,172,91,14.52,1.47,13.05,,,4.79,4.23,9.02,11.65,,,13,,1.12,2420
217,m,91.1,174.5,95,15.36,2.5,12.85,,,,,8.84,12.02,13.76,,,,1.12,2150
218,m,66.1,179,93,13.83,1.08,12.75,,,4.14,3.51,7.65,12.48,,,16.04,,1.78,2785
218,m,69.1,182.3,96,14.67,1.93,12.74,,,,,7.66,13.99,14.76,,,,1.62,2420
219,m,83.5,188,100,15.7,3.2,12.51,,,4.04,3.44,7.48,15.09,,,15.97,,1.77,2920
219,m,91.6,189.3,102,16.54,4.06,12.48,,,,,7.33,17.35,17.56,,,,1.63,2870
220,m,77.1,160,86,12.93,0.03,12.91,,,4.95,4.33,9.28,9.64,,,10.76,,0.58,2190
220,m,85.5,162.3,87,13.77,0.67,13.1,,,,,8.7,10.15,12.22,,,,0.83,1850
221,m,78.4,187.5,95,16.12,2.67,13.45,1.652,2.478,4.13,3.48,7.61,13.54,13.68,9.395,16.68,47,1.84,
221,m,80.5,185.8,96.5,14.6,2.09,12.51,,,,3.79,,12.66,13.38,,,,1.26,2400
222,m,77.6,181,95,14.94,2.06,12.88,,,4.2,3.61,7.81,14.3,,,15.51,,2.04,2325
222,m,83.2,182.4,98,15.78,2.99,12.79,,,,,7.93,14.43,16.25,,,,1.61,2170
223,m,90.5,184.5,98,15.33,2.82,12.51,1.62,2.53,4.18,3.7,7.91,16.01,18.2,9.775,16.62,55,1.29,2600
223,m,69.5,179.8,96,13.25,1.16,12.09,,,,3.99,,13.98,12.49,,,,0.76,2650
224,m,78.7,190,94,14.79,1.83,12.96,1.76,2.7,4.47,3.97,8.44,13.28,14.77,8.33,15.35,52.6,1.49,1970
224,m,93.8,196.0,102,15.75,3.59,12.16,1.7,2.52,4.24,3.66,7.9,15.95,17.51,9.74,16.96,54.5,1.6,2600
224,m,68,179,90,13.77,0.71,13.06,1.88,2.72,4.6,4.07,8.67,10.76,12,7.08,14.1,44,1.2,
225,m,77,177,93,18.79,3.86,14.93,1.59,2.28,3.87,3.15,7.03,15.85,18.82,10.30,17.37,50.4,2.14,2720
225,m,73.2,176,96,17.71,3.71,14,1.65,2.38,4.03,3.25,7.28,14.69,15.68,10.4,15.46,49.3,1.56,
226,m,71,180,99,16.09,3.17,12.92,1.85,2.48,4.34,3.43,7.77,13.94,15.91,9.42,15.19,47,1.98,2650
226,m,71.4,181,97,17.16,3.49,13.67,1.77,2.41,4.19,3.33,7.52,14.83,16.06,9.01,16.97,52.4,2.1,2700
227,m,67.4,182,96,16.39,2.86,13.53,1.61,2.36,3.98,3.46,7.44,12.76,13.08,8.845,14.98,52,1.64,2000
227,m,67,180,95,15.39,2.18,13.21,1.61,2.36,3.97,3.51,7.48,15.04,14.6,,,49.9,1.66,2250
228,m,102.2,189,99,15.27,3.04,12.23,1.7,2.69,4.39,3.99,8.38,15.78,16.59,8.18,13.86,44.6,1.23,2540
228,m,103,186,97,14.27,2.25,12.02,1.85,2.9,4.75,4.44,9.19,13.08,14.03,,,34.1,0.95,2260
229,m,83.4,179,95.5,15.36,2.44,12.92,1.66,2.29,3.97,3.32,7.31,17.05,18.31,10.22,17.76,51,1.55,2980
229,m,89.3,179.6,95.1,16.38,3.02,13.36,1.78,2.33,4.11,3.37,7.48,17.1,15.97,10.72,16.77,52.9,1.64,2820
230,m,76.4,186.2,94.7,14.89,1.96,12.93,1.82,2.46,4.29,3.62,7.91,14.75,18.16,9.135,16.33,50.8,1.93,2560
230,m,88.5,189.3,96,15.9,2.81,13.09,1.8,2.48,4.28,3.59,7.89,16.01,19.68,9.52,16.3,51.8,1.93,2600
231,m,74.3,180,94.9,14.4,1.72,12.68,1.74,2.44,4.19,3.47,7.66,14.18,14.33,9.2,14.4,47.3,1.66,2750
231,m,81.4,184.7,97.2,15.41,2.65,12.77,1.75,2.41,4.16,3.35,7.54,16.38,16.94,9.56,15.63,49.4,1.79,2620
232,m,67.6,173,91,14.27,1.11,13.17,1.7,2.44,4.14,3.47,7.61,13.4,13.05,9.4,15.3,50.4,1.73,2780
232,m,72.2,175,93,15.35,1.98,13.37,1.63,2.39,4.02,3.4,7.42,15,15.9,9.7,16,56.2,1.48,2775
233,m,79.5,184.5,99,14.38,2.27,12.11,1.67,2.39,4.06,3.39,7.45,14.1,16.3,9.9,17.6,56.5,2.05,2650
233,m,88,188,100,15.39,3.07,12.32,1.69,2.32,4.01,3.25,7.26,15.55,19.40,10.30,15.55,,,2700
234,m,83.1,182,95,14.34,1.8,12.53,1.79,2.66,4.45,3.97,8.42,14.4,13.5,8.05,14.8,40.1,0.98,2320
234,m,79.9,186,94,15.35,2.15,13.2,1.7,2.49,4.19,3.65,7.84,14.6,15.85,8.49,15.3,46.8,1.52,2600
235,m,85.6,183,100,14.47,2.53,11.94,1.66,2.41,4.07,3.37,7.44,14.75,15.3,9.235,15.4,45.6,1.2,2650
235,m,96.4,187,102,15.49,3.5,11.98,1.77,2.33,4.1,3.36,7.46,16.95,18.30,8.99,15.3,52.4,1.61,2700
236,m,77.2,185,96,16.31,2.92,13.39,1.66,2.24,3.92,3.12,7.04,17.02,16.96,10.39,16.91,55.7,2.1,2640
236,m,83,187,98,18.27,4.36,13.91,1.62,2.26,3.88,3.15,7.03,17,18.25,9.80,17.2,60.6,2.19,2650
236,m,71.2,183.7,94.6,15.28,2.1,13.18,1.66,2.29,3.95,3.29,7.25,15.73,15.69,,,,1.95,2440
237,m,96.9,182.1,95.9,15.29,2.61,12.68,1.54,2.17,3.71,3.04,6.75,15.82,16.88,,,,1.67,1800
237,m,107.5,184,97,16.32,3.45,12.87,1.73,2.21,3.94,3.13,7.07,16.14,18.08,8.615,,,,2220
238,m,77.9,195,98,15.55,2.74,12.81,1.88,2.65,4.53,3.88,8.43,14.55,15.71,9.2,15.64,40.7,1.35,2780
238,m,92.5,198,99,16.53,3.58,12.95,1.83,2.65,4.48,3.83,8.31,16.6,18.26,8.905,15.48,44.1,1.33,1600
238,m,68.6,189.4,96,14.52,1.82,12.69,1.95,2.76,4.71,4.04,8.75,10.79,12.23,,,,1.11,2450
239,m,67.2,183,96,16.36,2.83,13.52,1.79,2.46,4.26,3.5,7.76,14.09,14.78,9.275,16.23,47.4,2.2,2620
239,m,65.6,180.2,95,15.32,2.12,13.2,1.92,2.46,4.41,3.55,7.96,13.05,13.83,,,,1.65,2630
240,m,71.8,188,98,16.74,3.36,13.38,1.82,2.43,4.25,3.52,7.77,14.66,15.82,8.85,15.86,42.5,1.3,2830
240,m,71.2,186.1,94.8,15.71,2.35,13.36,1.9,2.45,4.39,3.54,7.93,14.51,17.61,,,,1.05,2470
241,m,67.3,183,95,14.92,1.92,13.01,1.9,2.55,4.45,3.61,8.06,11.6,11.95,8.3,14.17,34.8,1.15,2790
241,m,80,186,100,16.88,3.84,13.03,1.71,2.45,4.2,3.25,7.47,15.3,16.93,8.00,14.4,46.2,1.34,2600
242,m,86,183,99,14.94,2.68,12.26,1.78,2.42,4.2,3.34,7.54,16.9,17.2,9.48,15.8,44,1.9,2570
243,m,84,182,93,15.15,1.99,13.16,1.66,2.48,4.14,3.44,7.58,13.5,12.6,9.78,,43,1.81,
244,m,76.8,186.7,96.4,15.21,2.36,12.85,1.86,2.59,4.45,3.66,8.11,15.59,16.85,9.37,15.04,46.2,1.97,2620
245,m,72.7,185,96,13.97,1.59,12.38,1.67,2.48,4.15,3.55,7.7,15.24,15.07,,16,40,1.61,2700
246,m,75.6,189,95,14.71,1.88,12.83,1.68,2.38,4.06,3.42,7.48,13.5,14.60,8.89,15.82,47,1.69,2470
247,m,78.7,178,92,14.11,1.27,12.84,1.6,2.3,3.91,3.12,7.03,16.6,17.20,8.42,14.6,46.7,1.57,2430
248,m,87.3,185,95,14.99,2.19,12.8,1.7,2.38,4.08,3.4,7.48,15.75,17.25,10.10,16.67,47.8,1.4,3200
249,m,83.4,175,89,13.85,0.84,13.01,2.08,3.1,5.18,4.71,9.89,10.36,11.54,,11.24,30,0.82,
250,m,59.9,167.0,88,14.22,0.63,13.59,1.77,2.59,4.36,3.82,8.29,12.3,13.30,7.61,13.96,44.7,1.32,2730
251,m,66.8,177,90,13.98,0.81,13.17,1.83,2.64,4.47,3.72,8.19,10.15,11,7.81,13.59,43.9,0.91,2360
252,m,50.5,171,83,13.21,-0.6,13.81,1.8,2.51,4.31,3.64,7.95,8.74,10.25,7.955,13.42,49.59,1.5,2350
253,m,68.7,186,93,13.07,0.7,12.37,1.81,2.81,4.62,3.71,8.13,11.5,10.25,7.755,13.69,45.84,1.7,2350
254,m,58.5,169,86,12.86,-0.3,13.17,1.87,2.7,4.57,3.94,8.51,8.3,8.41,7.75,12.9,37.75,1.45,2550
255,m,66.2,182,89,13.88,0.6,13.27,1.76,2.45,4.21,3.5,7.71,13,12.92,,15.25,44.3,2.69,
256,m,74,183,91,15.23,1.63,13.6,1.7,2.4,4.1,3.55,7.65,,,,,,,
257,m,69,191.5,94.5,14.66,1.7,12.96,1.94,2.6,4.54,3.81,8.35,12.5,12.41,9.08,16.45,47.63,1.54,2790
258,m,57,172,87,13.02,-0.14,13.16,1.88,2.64,4.52,3.86,8.38,9.8,10.2,7.825,13.13,38.02,0.8,2450
259,m,62.5,171,89,12.95,0.13,12.82,1.79,2.62,4.41,3.81,8.22,10.7,11.15,6.855,12.46,35.53,1,2100
260,m,66,181,92,14.52,1.31,13.21,1.84,2.44,4.28,3.45,7.73,12.35,12.50,,14.35,47.11,1.56,2680
261,m,75.1,183,92,15.15,1.74,13.41,1.8,2.63,4.43,3.77,8.2,12.59,13.22,6.33,,33.9,1.67,
262,m,80.4,176,97,17.8,4.01,13.79,1.65,2.34,3.99,3.26,7.25,13.67,12.7,7.34,,,,
263,m,92.6,185,98,17.58,4.11,13.47,1.73,2.4,4.13,3.42,7.55,19.86,22.05,8.165,,,,
264,m,89.9,194.5,101,17.28,4.29,12.99,1.65,2.21,3.86,3.03,6.91,19.13,19.83,10.50,17.65,55.6,1.7,2800
265,m,95,188,98.5,17.95,4.39,13.55,1.67,2.37,4.04,3.35,7.39,20.21,23.1,7.37,,54.7,1.79,2400
266,m,67.9,178,92,14.81,1.49,13.31,1.69,2.45,4.14,3.49,7.63,14.39,13.9,7.35,,,,
267,m,73.4,183,98,15.61,2.77,12.84,1.85,2.44,4.29,3.43,7.72,13.52,14.50,8.06,14.39,49.7,1.79,2560
268,m,79.6,191.8,98,14.57,2.24,12.34,1.73,2.36,4.09,3.37,7.46,14.63,15.82,8.94,15.55,50.6,1.46,2840
269,m,52,161.0,83,14.31,-0.03,14.34,1.77,2.66,4.46,3.84,8.38,10.09,10.15,9.30,15,42.3,2.18,2550
270,m,55.4,174.5,90,14.04,0.7,13.34,1.78,2.5,4.32,3.53,7.89,10.85,11.93,8.69,15.05,41.5,1.76,3000
271,m,104.5,187.5,92,15.52,2.26,13.26,1.93,3.06,4.99,4.61,9.6,11.62,12.00,5.74,12.42,30.8,0.6,1960
272,m,72.5,178.2,95.5,16.1,2.72,13.39,,,4.22,3.52,7.74,17.5,17.6,7.495,,57.4,1.95,
273,m,92,184.8,94.1,16.19,2.77,13.42,,,3.94,3.3,7.24,17.86,19.36,8.21,,63.9,1.8,
274,m,77.8,184.1,99.8,15.6,3.06,12.54,,,4.29,3.5,7.79,15.1,17.74,7.705,,48.5,1.78,
275,m,84.2,195.5,99,18.29,4.47,13.82,1.68,2.53,4.21,3.67,7.88,17.41,17.14,9.53,17.5,60.2,2.11,2420
276,m,80,197,100,16.9,3.79,13.11,1.79,2.42,4.21,3.46,7.67,18.15,19,7.805,,54.8,1.84,2840
277,m,113.8,192,98,17.12,4.05,13.07,1.97,2.44,4.41,3.43,7.84,18.45,21.9,7.29,,60.88,1.75,2630
278,m,94.4,196,104,17.54,4.94,12.6,1.71,2.46,4.17,3.52,7.69,17.42,19.16,9.83,16.45,55.5,1.73,2780
279,m,86.3,190,101,16.72,3.95,12.77,1.62,2.31,3.93,3.31,7.24,16.45,17.25,9.68,17.1,60.8,2.04,
280,m,76.6,182.0,105,15.1,3.42,11.67,1.78,2.6,4.38,3.75,8.13,12.94,12.76,7.90,13.3,39.7,0.99,2650
281,m,71.5,183,95.5,15.61,2.41,13.2,1.7,2.35,4.05,3.3,7.35,14.95,15.2,7.33,,49.98,1.58,2760
282,m,82.7,190.0,100,14.67,2.59,12.08,1.89,2.75,4.64,3.96,8.6,12.01,12.76,7.70,13.13,38.4,1.02,2580
283,m,81.3,185.5,96,14.66,2.07,12.59,1.81,2.51,4.32,3.58,7.9,13.89,14.75,9.23,15.4,41.7,1.95,2450
284,m,67.1,189,97,14.51,1.93,12.58,1.77,2.58,4.35,3.74,8.09,11.9,12.21,9.40,14.61,40.8,1.7,2920
285,m,84.4,193.5,105,14.63,3.21,11.42,1.64,2.46,4.1,3.45,7.55,15.73,17.95,9.35,15.78,54.7,1.68,2020
286,m,83.3,185.5,99,15.23,2.8,12.43,1.64,2.37,4.01,3.32,7.33,15.13,17.88,9.98,15.91,40.8,1.79,2400
287,m,86.7,185,102,14.79,2.97,11.81,1.75,2.54,4.29,3.69,7.98,15.05,14.37,7.55,13.14,40.2,1.57,2020
288,m,56.8,171.0,89,14.16,0.66,13.49,1.72,2.73,4.45,4.01,8.46,10.65,11.50,,,38.3,1.14,
289,m,98.3,189,102,14.37,2.86,11.51,1.71,2.36,4.07,3.32,7.39,15.33,17.44,9.35,14.81,46.4,2.11,2380
290,m,65.6,179.8,93,15.29,1.84,13.45,,,4.09,3.44,7.53,13.45,15.65,7.225,,43.7,1.07,
291,m,77.6,179,94.5,16.29,2.74,13.55,,,,3.98,,13.9,15.23,,,,1.35,2560
292,m,107.3,180,98,15.08,2.91,12.17,,,4.26,3.62,7.88,14.7,,,13.84,,1.54,2250
293,m,96.9,185,94,15.2,2.29,12.91,,,4.37,3.75,8.12,14.4,,,12.75,,0.97,2090
294,m,64.9,180,90,15.42,1.49,13.93,1.79,2.47,4.28,3.58,7.86,13.4,14.9,9.27,16.56,48.2,1.58,2980
295,m,69.5,184.4,96.5,14.42,1.86,12.56,,,,,7.43,12.87,13.25,,,,1.4,2310
296,m,110.6,187.4,102.4,16.52,4.35,12.18,,,4.77,3.39,8.16,17.8,17.6,6.465,,45,1.58,
297,m,65.7,180,89,14.84,1.08,13.76,1.67,2.45,4.12,3.44,7.56,13.76,13.06,9.05,15.63,58.9,1.6,2930
298,m,79.9,194.5,98,15.64,2.82,12.82,1.75,2.52,4.27,3.66,7.93,,,,,,,2560
299,m,103.7,194.5,102.9,16.41,4.22,12.18,,,4.27,3.6,7.87,17.73,19.38,7.735,,50.4,1.7,2390
300,m,64.4,171,88,14.75,0.93,13.81,1.61,2.34,3.98,3.34,7.32,14.06,14.32,8.035,15.09,40.5,1.5,
301,m,78.8,186,96.5,16.41,3.06,13.35,1.54,2.26,3.81,3.16,6.99,15.21,17.43,8.92,15.37,49,1.43,2715
302,m,68.9,184,93.1,16.13,2.31,13.82,,,3.97,3.38,7.35,15.58,17.2,8.625,,53.7,2.13,
303,m,93,187,94,15.69,2.48,13.2,1.72,2.43,4.15,3.42,7.58,15.87,16.71,9.85,16.35,55,1.47,2710
304,m,86.5,187,100.5,15.34,3.1,12.24,1.67,2.36,4.03,3.29,7.32,16.6,18.18,9.51,17.4,59.6,2.01,2950
305,m,84.4,184.5,97.5,14.25,2.08,12.18,1.84,2.51,4.35,3.59,7.94,14.3,15.73,8.80,14.85,38.7,0.92,2430
306,m,86,191.0,96.5,14.29,1.97,12.32,1.94,2.77,4.74,4.03,8.77,13.13,16.32,8.87,15,41.1,1.05,2290
307,m,71.6,180,95,14.77,1.9,12.87,1.76,2.42,4.19,3.48,7.68,14.28,16.73,9.30,16.85,43.3,1.58,
308,m,64.45,184.5,95.2,15.41,2.17,13.25,,,3.99,3.25,7.24,11.38,11.38,8.54,,46.8,2.03,
309,m,84.4,192,102,18.11,4.88,13.23,1.69,2.23,3.92,3.06,6.98,18.16,17.72,9.77,17.26,55.5,1.65,2500
310,m,62.9,185,100,15.09,2.6,12.49,1.62,2.5,4.12,3.56,7.68,13.58,13.57,8.91,14.61,43.8,1.5,2770
311,m,81.5,190.0,96,14.96,2.22,12.75,1.91,2.89,4.8,4.17,8.97,12.38,12.41,7.49,13.6,29.9,0.65,2450
312,m,68.7,192,99,14.91,2.42,12.49,1.69,2.33,4.03,3.23,7.26,15.24,16.80,9.94,17.13,46.7,1.44,2750
313,m,85,193,100,16.73,3.78,12.95,1.74,2.52,4.26,3.45,7.71,15.9,16.41,9.31,15.45,45.3,1.35,2800
314,m,47.3,189,98,15.09,2.14,12.95,1.81,2.22,4.1,3.62,8.03,14.84,13.36,8.04,14.3,39.5,1.34,2700
315,m,75.7,185,99,15.34,2.77,12.57,1.68,2.46,4.14,3.44,7.58,12.43,14.07,8.06,15.28,44.1,0.86,2675
316,m,69.3,181,94,16.08,2.44,13.64,1.64,2.36,4,3.34,7.34,14.21,15.94,10.3,16.54,51.5,1.97,2950
317,m,70,177,93,15.99,2.28,13.71,1.77,2.36,4.13,3.42,7.56,13.93,15.07,,,45.9,1.16,2640
318,m,84,182,96,15.97,2.84,13.13,1.77,2.68,4.45,3.88,8.33,12.98,14.59,,,37.9,1.55,2500
319,m,69,180,95,15.68,2.36,13.32,1.71,2.51,4.22,3.57,7.79,10.24,11.55,,,40.1,1.45,2690
320,m,89,175,95,15.47,2.53,12.93,1.8,2.63,4.48,3.82,8.34,11.91,12.37,,,45.9,1.17,2180
321,m,72.1,191,98,15.71,2.78,12.93,1.56,2.43,3.99,3.39,7.4,13.1,14.3,10.05,15.17,51,1.75,2900
322,m,65.1,182,95,15.12,2,13.12,1.6,2.31,3.91,3.26,7.17,12.29,13.75,9.49,15.85,52.8,1.83,2680
323,m,62,178.0,91,14.7,1.23,13.47,1.78,2.59,4.39,3.74,8.13,12.06,12.64,8.65,15.05,43.1,1.73,2900
324,m,79.6,183.3,94.6,15.16,2.15,13.02,,,4.14,3.49,7.63,14.53,17,7.47,,46.5,1.1,3050
325,m,80,181,97,14.52,2.12,12.4,1.77,2.38,4.16,3.43,7.6,13.66,13.93,9.24,15.4,47.7,1.94,2700
326,m,78.2,179,96.2,15.51,2.55,12.96,1.79,2.51,4.31,3.67,7.98,14.86,15.8,7.05,,47.3,1.16,2325
327,m,66.4,171,91,14.62,1.28,13.34,1.81,2.48,4.32,3.5,7.82,12.2,13.68,9.40,13.73,45,1.92,2650
328,m,69.3,169,92,13.68,0.95,12.73,1.85,2.43,4.31,3.56,7.9,13.68,13.68,9.28,14.18,41.8,0.98,2500
329,m,94.3,186,100,15.4,3.17,12.24,,,3.99,3.22,7.21,16.55,18.5,7.72,,44,1.7,2450
330,m,79.3,186,100,14.74,2.6,12.14,1.74,2.57,4.31,3.57,7.88,13.79,14.55,9.30,15.5,43.8,1.62,2215
331,m,76.5,188,94.5,14.75,1.85,12.89,1.71,2.24,3.98,3.16,7.14,15.35,15.22,9.3,15.21,55.9,1.45,2325
332,m,92.9,189.3,100.4,16.76,3.97,12.79,,,4.02,3.35,7.37,20.7,21.4,8.33,,54.9,1.92,
333,m,83.1,187.6,95.1,15.25,2.28,12.97,,,3.91,3.29,7.2,,,8.36,,,,
334,m,93,190,97.8,15.63,2.96,12.67,,,4.38,3.63,8.01,,,7.225,,41.1,,
335,m,113.6,191.9,100.9,15.23,3.39,11.84,,,4.49,3.91,8.4,15.43,16.45,6.825,,42,1.2,2410
336,m,91.2,182.1,94.2,17.2,3.33,13.87,1.7,2.45,4.15,3.44,7.59,17.42,20.15,7.6,15.2,42.2,1.9,2435
337,m,65,183.0,93,13.78,1.03,12.75,1.85,2.56,4.41,3.66,8.09,13.7,,9.65,15.8,45.6,1.64,2800
338,m,71,190,98,14.08,1.87,12.22,1.66,2.34,4,3.31,7.31,13.6,,10.20,16.6,55.4,2.83,2690
339,m,72.6,185.7,96.1,16.16,2.79,13.37,,,,,,17.5,18.8,8.175,,50.1,2.04,
340,m,79.4,177.8,93.4,15.81,2.36,13.45,,,4.32,3.56,7.88,13.3,15.13,6.955,,39.4,1.7,2750
341,m,81.2,196,97.9,16.24,3.14,13.1,,,4.03,3.27,7.32,17.95,19.18,7.945,,48.2,1.53,2430
342,m,83,182.2,95.9,14.96,2.26,12.71,,,4.16,3.39,7.55,15.48,16.72,7.765,,40.8,1.54,
343,m,100.9,200,106,15.44,4.01,11.42,,,4.01,3.18,7.19,20.12,23.15,8.59,,55.2,1.49,2660
344,m,96.1,195.1,103.7,17.35,4.81,12.54,1.74,2.4,4.13,3.4,7.53,18.71,20.65,10.31,16.91,53.6,1.75,2560
345,m,89.1,189.3,99.9,16.84,3.89,12.94,1.74,2.43,4.17,3.54,7.71,17.31,17.92,10.44,15.05,57.7,1.44,2520
346,m,89.1,185.2,97.8,16.06,3.18,12.88,1.73,2.37,4.12,3.38,7.51,18.63,21.14,10.81,18.05,51.5,2.06,2530
347,m,82.4,180.3,97.7,15.9,3.02,12.88,1.73,2.39,4.31,3.63,7.94,17.11,18.67,9.1,14.9,44.4,1.89,2700
348,m,69.6,177.2,93.5,14.4,1.5,12.91,1.68,2.38,4.06,3.44,7.52,14.03,16.38,,,45.2,1.57,
349,m,59.8,174.8,92.4,14.61,1.35,13.26,1.95,2.71,4.66,3.99,8.65,11.11,12.3,8.37,13.54,36.3,1.39,2760
350,m,70,181.5,95.9,15.38,2.33,13.06,1.71,2.38,4.09,3.3,7.39,14.84,16.32,9.70,16.5,52,2.43,3050
351,m,73.1,185,97.6,14.62,2.15,12.47,1.79,2.39,4.18,3.42,7.61,13.86,14.31,9.10,14.56,49.6,1.57,2590
352,m,65.1,175.4,89.5,14.24,0.86,13.38,1.76,2.44,4.2,3.49,7.71,13.93,15.08,9.17,15.08,48.8,2.18,2805
353,m,90,177.2,90.1,14.03,1.14,12.89,,,,,,11.82,12.42,8.23,,42,,2830
354,m,69.1,174.5,93.1,14.68,1.6,13.08,1.77,2.45,4.22,3.44,7.66,14.6,14.77,10.07,16.4,54.2,2.07,2750
355,m,73,183,95,14.78,1.91,12.87,1.75,2.46,4.21,3.48,7.69,13.6,14.60,8.71,15,50.8,1.9,2900
356,m,70,183.5,95.3,15.46,2.28,13.18,,,4.17,3.37,7.54,14.08,15.78,7.905,,41.1,1.9,
357,m,77.2,191.5,97,15.44,2.55,12.89,,,4.25,3.67,7.92,15.2,16.37,7.68,,44.9,1.26,2750
358,m,84,182,93,16.57,2.73,13.84,1.77,2.55,4.32,3.72,8.04,15.5,16.6,9.5,15.6,45.2,1.59,2530
359,m,77.5,177,93,16.35,2.57,13.78,1.52,2.33,3.85,3.27,7.12,16.7,19.05,10.55,16.8,57,2.11,2600
360,m,57.9,175,88,15.08,0.99,14.09,1.7,2.42,4.12,3.64,7.76,12.1,11.65,8.7,,48.8,1.61,
361,m,72.2,184,97,15.69,2.66,13.03,1.69,2.61,4.3,3.79,8.09,13.55,14.6,8.3,13.6,48.3,1.11,2600
362,m,73,182,96,15.27,2.31,12.96,1.64,2.53,4.17,3.64,7.81,14.3,15.4,9.35,15.4,47.7,1.54,2600
363,m,68,173,89,14.39,0.92,13.47,1.66,2.64,4.3,3.85,8.15,11.95,14.3,9.025,14.8,48.5,1.25,2570
364,m,60.3,165.5,88,14.14,0.6,13.54,1.75,2.62,4.37,3.81,8.18,11.55,11.1,8.14,15.1,42.5,1.7,2350
365,m,74.8,167,89,14.2,0.95,13.25,1.76,2.46,4.22,3.53,7.75,13.4,13.70,7.98,14,44.4,1.33,2600
366,m,75.1,193,100.9,15.61,3.15,12.46,,,4.23,3.46,7.69,14.66,15.52,7.695,,44.4,1.56,
367,m,81.3,187,98,16.2,3.18,13.02,1.68,2.39,4.09,3.37,7.46,16.43,18.61,9.565,16.08,41.5,1.73,2860
368,m,66.1,173,93,14.17,1.28,12.89,1.77,2.53,4.3,3.65,7.95,11.2,11.06,8.29,14.87,38.9,1.17,2480
369,m,74,190,101,15.53,3.11,12.42,1.77,2.44,4.21,3.47,7.68,13.85,14.60,8.75,15.1,48.2,1.49,2600
370,m,83.9,173.9,93.7,16.86,3.06,13.8,,,4.03,3.28,7.31,17.8,18.7,7.24,,52.4,2.03,
371,m,83.6,180.5,96.4,15.63,2.71,12.92,,,4.07,3.33,7.4,16.58,18.2,7.67,,46.1,2.07,
372,m,83.9,185.8,100.4,15.83,3.34,12.49,,,3.92,3.12,7.04,15.43,17.63,8.205,,48,1.53,2850
373,m,71.4,186,96,15.62,2.46,13.15,1.63,2.48,4.11,3.55,7.68,14.26,14.95,9.605,14.8,36,1.65,3020
374,m,66.9,184,97,14.63,2.01,12.62,1.69,2.46,4.16,3.54,7.7,13.37,13.96,9.495,16.2,37,1.44,3100
375,m,87,197,97,14.74,2.27,12.47,1.76,2.5,4.26,3.59,7.85,16.3,17.2,9.445,15.76,44,1.67,2630
376,m,89.5,182,89,15.68,1.78,13.9,1.97,2.92,4.89,4.34,9.23,11.57,11.84,,10.52,33,0.73,
377,m,81,188,97,14.87,2.3,12.57,1.81,2.58,4.39,3.62,8.01,14,15.8,9.34,14.75,39,1.42,2550
378,m,70.3,176,92,14.49,1.37,13.12,1.61,2.39,4,3.36,7.36,15,15.86,9.045,14.9,45,1.52,2700
379,m,78.3,193,97,14.71,2.16,12.55,1.69,2.59,4.29,3.65,8,13.2,12.20,9.56,16.58,43.7,2.02,2850
